wallet_id,credit_score
0x003c52a71c887461087154eccced08cb1c5384a5,100
0xd19604efb40ece1efd6df5de6d3892112b51e99a,100
0x869a032b284481f4ad359ac75cd017eddee5c23c,100
0xc95be28595eb64485dac63ad14f15e41c94ee468,100
0x5445f987ff43fe2b2c31b86ebfc585a3d6b02120,100
0x40e652fe0ec7329dc80282a6db8f03253046efde,100
0x54f987c0a786031357427211046d9e7ef61f3891,100
0x7185fbff199928cbae71990ecb3cc4a7be2ff00a,97
0x58df55d6ab2db99d440241a607d91898b9ffd046,97
0xb83470cd5850de7e5943c4decc5620d48e4adc9f,97
0xe2850aeceac7e8d955813100098606bfd1a01fdb,97
0x2871b76c348e12b88a28cef388d37326e85e2fec,97
0x644239848c7b402d813295893db428aae7cc4cb5,97
0xa1872b9b494556777d2b3ac5e699cf7fb377bafc,97
0x9e9bf7495369e73e76e0f41c00481b16a270711c,97
0xb6317af995693789900f85b2d93d1dd0f5deb558,97
0xcdc65de2a7bc4b56d20e98a387c1528e58bf3441,97
0x825d634b9d22da526ceebda4fb7ad4d373cfe2ba,96
0x9ddc5b469e02cd486f8f77f3e8fe831468020085,96
0x229229284c0ea7c2a898765a5652fc03f0e35293,96
0xc1ad79ab00b3f63577ca653cdfda344e9847d4d0,96
0xf4ba1b19e8065adf06b1e168e919836730304b6c,96
0x9df7c98c933a0cb409606a3a24b1660a70283542,96
0xd7925984736824b4aecf8301c9aee211cd976494,96
0xd03ff5274e6ff0b43cee31cafe1c40324fe5d33c,96
0xfcf8dd90c50d2f7fd7b292ba6820ad09080442e4,96
0xfb0018ad46c669b6a4c0e589c53db27daf7f7930,96
0x043e318a6c11970e3f7950dff7bf51657337db2c,96
0x52405eff99dd4c2015463dc511573344f2e2e8d7,96
0x0489076a0d17394835af93cd62acff703b6814a9,96
0xb32b2fb57152a6091fba9fb4803e2df0097c55b4,96
0x6d82dc3a4a2a2db99c841f44444642aafb329537,96
0xb587e5af7d7131d5c0de77efda2979951dd6889c,94
0xa7f3dfed2bcf7b35a8824e11ae8f723650edfb58,94
0x4b3a7af8c712d2bd0068f012a9426d2dc1073d2c,94
0xfeb79a4e213906571c20b6d6a1a3dc45d8355c1d,94
0x18456bfb605e238af478e4af64bf5a2b5304a31e,94
0xd84e11bee5d555ccd905817cb8cbbd5b6e6c4f0d,94
0x0598df9ef51616e9c015a4f17918507259b22baf,94
0x3f70d4927adfad26eb7b1574eea7939d347d902b,94
0xaaf4d001080b511df8ad90090c435ac1affc5a1a,94
0xe670c92e93f88761004f86b28c101cd8b9ca57a9,94
0xea1b3a8fc8342590eb955f1a4194c007189b3159,94
0xbd9ed130a53cfafcf81502e4d35329a6c4d53410,94
0x009b56330ae5ec5042b9ca46ddb3043cc0d006f3,94
0xc8bef1a50119389ae31d2e426f7c71bf8cc10def,94
0x4a02314976a755cc5b7b2482f25170714e903a30,92
0xcd0c599f1b6709a026978a75e0ca2021446e2ed6,92
0xb34f01dbcadb3ac64e14774e2943d3558b0f9a0d,92
0x5d47e5d242a8f66a6286b0a2353868875f5d6068,92
0x197a78fe1bd3bbb64c1325c027bde8f67bac1770,92
0x7d8e6cfb1b8709139631cac4cc458f63611ffdf8,92
0xfa540b8242565c014773ced9f0c45bfdd0ed1a8f,92
0xab61719309bf30cda379b45ac33326b24261f956,92
0x248d09b842142ed5e4ec79d95e62baa46bfb7738,92
0x5e41408192ccb2be827e5d0d5f6ca1c5e1513131,92
0xe2ac7b18ff15335b550b5b595f5e14864fd26e0c,92
0x6d2af065ccb60c0f7e8ec5907c961c42a3447127,92
0x4846e45c101a8339be5489167f5aba5fcbf37bca,92
0x3b38a44e2c4902c4734c552dd38d1cd6f91cfb2f,92
0x2577a8539cb2194acd72f035dbb691ce5f406d3f,92
0x67168517c1d0835147e2bd66e40a602e9fb9cbd9,92
0x479cb37b53d5eb04b6a337ac3d2ea447619eb87e,92
0x4794764b746913abe38dbc7a373022bfee5b4a06,92
0xc9004eb172a1cf5afca47f38bea59231fbe96406,92
0x053b7f29bc6d95182f0e54efc86549938878647e,92
0x7f8e903f0b33793ee3eb3e1c96f1202bba65221d,92
0x8f9e6dd01128cc3c148902ebfa648bfcb68ad1ce,92
0xa918add8803e65e97410ec42ae359dfe6663a8a6,92
0xd918fe4229e53ecbf53de43c2a5b5e3aa735c341,92
0xa9bbd5b83ffc706342555e4a38c9c06b2e7441e5,92
0xff19ad332cc5bb32703a3058c6f93ce177cfbb08,92
0xe0273391e1ef99e63216535b65739ab9154bc887,92
0x3566974231473a3456d2305fea0bb0944d2ed698,92
0xc373decd953ed7e4fd78f4c39aa41a44448fb6f1,92
0x0ba43bae4613e03492e4c17af3b014b6c3202b9d,92
0xdc95913ea736a669f9518dc58b90b5d7ea2c8c8a,92
0x30887fc55cbfad3487cb55bfe1779f6d2ba1c118,92
0x0c0b74126f0d4868750911d18ca74a174247ada6,92
0x985c0748a95d30ba0585dbc33c4c366a56be8ed3,92
0x5081891d84cf21beeb950b59e445406328c61aee,92
0xa7615cd307f323172331865181dc8b80a2834324,92
0x818f3fa1008b355a85e9f78004ca09ce3e8e5e1d,91
0x848769e27677cf08059581befdb65f4af3d69b82,91
0x4758a12fb01dc7cad5741246b9e2eb59ae1ef38b,91
0x26868de5c3ae8f03adc6a5ba231445feba8b8bab,91
0xeb23e02024b8b98dd988d39482ec4bc6d329199d,91
0xd7fbfb25e4e9e1950d68fef0dc72ab0f09de55b3,91
0x6d4090db32d7dd417668489964c05ed6811671f0,91
0x427f2ac5fdf4245e027d767e7c3ac272a1f40a65,91
0x60c514df3dd8bda1d67ca0f6e2d9184f4aefb279,91
0xe4b0fea2c1c6c90c356bfbbe04b7233a3f144c00,91
0x800c443d4fc0048d2f4a83d64cdec93a824be745,91
0xd0c81e82abddf29c6505d660f5bebe60cdff03c5,91
0xc9c50b55c3085606ff05c70ac8cbaf26240891ae,91
0x3d23ab914f5c6552689d824e7802e1b242e3f588,91
0x63c410a066d5d12217b713ccac5f600a06ba45e6,91
0x6f43578a5bc4c6c893bad3c1598b69d1fdfdc692,91
0x2db428a3b1241f7590b05045b233f97d94269e50,91
0x8f56ce34d90141e3ba9d78f43bbc80b510de3e9b,91
0x639e4bb8d28d477beba288da38696948df14d68e,91
0x2ef0fa1afc0ed0e9d4f01d3d8eb6930fbdd1c4d2,91
0x10f363d941352887cd28d47e85e19e124ba5ffd5,91
0xb79dd7a1fd1298b13771055c0bac2f215f4a13dd,91
0x0b9b7a99308064bf1238dff693237429844fa623,91
0xe0819c89815a3376e2a9a02d77e4e4a8c8387adb,91
0xe0bdfb7abb21b4203d25e6b27029a9d423e4f2cc,91
0xe10fcdba98afebd0f2296a2c451034d4ca6d9079,91
0x18ab13f62635bec69fcc1d2ce3dbe5e0bdef1b99,91
0xa1932d804e85ae3b80a2a47446e98e51d65d877e,91
0x17e33637f6b64e9082ea499481b6e6ebae7eea23,91
0x1954c8cd151de0d0946fcc1e8a97545f711e2380,91
0x836fd05a18dc13aa8885a718278e6a316ecca1ff,91
0x4d37f28d2db99e8d35a6c725a5f1749a085850a3,91
0x5f72c7ca304679b07c527dd0f245f76b5d62ce61,91
0x6a06a5ed081990f4313c03aabc70f5874aa43f89,91
0x8cd7c0cafbd36d17e034497c0b472e28ecc970d3,91
0x7b325769124cce64277ebeb4d6fbce65276809be,91
0xff5269e8ae6a9f2ff2a93c770fd35f8ce71712f8,91
0x358b532b553aa29eb0295ad72fa2c1ff528c8c82,91
0x1b26c22c1493df1399d8efa113ef99bb27ab9eb7,91
0xb06068f25c6b6944593a91d36a8e4f88985dd846,91
0x1b1ef65bb57862c88fb3ca5aaab8746791928485,91
0xe77884cddf148dd5f0e9191b33d8dbaddb16dfb5,90
0x2235cd349113837ffc6d3e41ad8f64a84f3d20e5,90
0xf6ad502ac34cc67f3a86b4e6a4ea802409b0af28,90
0x20aec996ce9d508a7f51b2a217bf6a87b6be0ef1,90
0x0e194541c0edaa8f4305bc1f313eaa1d30dba966,90
0xf3d3ec934462730b389878448bdb191b529e9b9d,90
0x7fd6558b81ae5e2153f0ec30bbe5d22268f17e7b,90
0xbd086f196c010be4d487a6cd54dee584439a54ac,90
0xb3375a5c855d36c895f3c00e681be1094a5b9d4b,90
0xe7dfe56bfaa4ea4498ddd9afc3f4d35631def18a,90
0x885fbc6e02db6b1d26de3f73e80ad7f1ddc10021,90
0x7c65eeefff2b7127df173b43b7c93b93ab75c7e7,90
0x7c6e177d9613bbbc80557816a19a342136b24654,90
0x9edc97c4f8f87ac6c178d1a50db7bc60a0c4a491,90
0x7d957aa56820212bbd4c7667ad5e3e39215048a3,90
0x4aeee08c3187fa1ae768e6264898397f339ac334,90
0x4d25819e9de2a2eeeddca953d1ef0182680a7054,90
0x6d835bb6bcce3bc2cccdc88fdf32ef73f88400b4,90
0xb5b4c4f6a656e6a9c1fc301b206b99af95215245,90
0x15ac14c5997e76322ed32ae54335ff284e6f92dd,90
0xf9c5384c9711dfd958e27856fb4640a8ad660def,90
0xc209cc607c81ca7d8c0bfca7bfd6144c74a7e238,90
0x98e28650cf30e5aa1b7e9cdb258522ec3cb57614,90
0x13dc08f5ddbcbfdf6ebc04c909c3052a2aa7a111,90
0x8963aa42efbe6efded5da05ed11755b7a9701bd3,90
0xb9b78523717e42494c2aa6ad07be9ccb4b09be7a,90
0xebbcc9b60e2b819f2758c205c8cd986133d21005,90
0xbf83e6e40162c655f2ded3431b7b31307275ac95,90
0x52feb9bf6f37bbd01309515feec062632f5ccb2b,90
0xea398010f27e03b33cb022d076a41978561e845d,90
0xf2db783b92cc8f188c2523c9ac5b7698d0243e05,90
0x9c9550871c8d714e90ee03e610b21f156381bdf1,90
0xcb71eb21f53a2f4de0f26dc90518df10be13d1ec,90
0xf55e015769baac7e5861cba62ee775868c335cee,90
0xe5dd78c224f26e306c84a9b1aa2def30bdf15835,90
0xfdd43923340736ffbcb31c808ac644922c1df05d,90
0x6370c6ca30253a2e188ae8dc8e9e852271983e7e,90
0xafcdc9b44b3d9725d9bffd6c0b4b58c37d197490,90
0x35e283f461a9ca2e3a5765e72815c8d1dcb66ad6,90
0x77feecc45fa31f2639d4c1cee0ccbf138387d79b,90
0x958f5159b62a864419ee492008061fdef2e1f8d0,90
0x2c99d50eb4daa1d26b5ba0b1daab58cbfc0ac3e6,90
0x3cc228f907bc37cbfdc1e415d2129d68aa3c4864,90
0xacec78653275b9a220ed2ec7714d52d633d10a16,90
0xdfb934bfe4c4985aeca0946598d812f716ab9a6a,90
0xb082ddfd74748b763f52f04558e5f814a56de67a,90
0xd24e0a25b7a581d1adadd30c14b009047890e6f2,90
0x8b221a3b1b2675ab9e836904fb55742dc57b32ba,90
0xddfef50c7919c1f331f6c0d018a277e40d58d511,90
0xd8595ac2836b7a8040f046e751b42088436b6365,90
0x334ff7580ee92bb13d744cd309925560877122a1,90
0xab8791b0ae982187b4fb4ae4612bd4c29ec6c110,90
0x99cd4625a58c27df7616fd4e5caba5803a875cfd,90
0xd3069c9e486a8b77add55ae3ceb3a4b138fb76c7,90
0x35e86d472d1a2e37b9dbaab9677230605c6624b0,90
0x7bacf22f747f2f4b983081c0aa76dddfecd008ab,90
0xe1b0e71dfbf82eb2521ed94508e9b0b6eed6a634,90
0x3bab311d8386cc6ee340bf9dc54deacc7b73ea5c,90
0x01b29eb97ec05b81abd72b77035d99dc1b482c1a,90
0x3f94cd5967d3ca52f9f6df503779eef92b7805a5,90
0x2a4e6c78f12333481a6d932ba526eb56bd64f008,90
0xe25b6d71bab6d363de5a5d20fbfd6e507760d3d0,90
0xd7a5d688b07a997fdee9896289f9d7d0f02c1f74,90
0xd4c80637f45a55b5e1afa9cd0c935395063d4523,90
0x22b660f6e6a007acea649acd028a8d057c15620c,90
0xe1478cbf115c2d6bec1572e0e6a43a2dfadca15a,90
0x95655aae7f5079ac99d640f5b3633156b41e7108,90
0xe364d707d9929e1685cfa3914ee427f9d4a89675,88
0xb0e1088863f02b7edf67324d02d5093de9b19e0c,88
0x2c6ddcc3c25edb41235cb1afb515390eec05dc82,88
0xa1fb07d9f100365b62c3913bf4cf1c6ede950be3,88
0x1c0a8dd3c93f348a25f8ab4dc9a98f1d11b66d5c,88
0x4806688dfccea461b645f08b9cd2f695999276f4,88
0x0808898d835d51d720e384e8a856a2c671e78f21,88
0xa7f56a6dd807d40fd24f6e0f56f1bcab7dcccaf4,88
0x012c5450b22a626a810d376d5519878a914c3f2b,88
0x2b19fde5d7377b48be50a5d0a78398a496e8b15c,88
0x7db7da086318462a46327b8f2d46f457008cc111,88
0x0ae3a4258ce1b9b53d74f6f390c14c4010c81ad0,88
0x4ab52791c736bc26d1933b4940ce8454e0474d03,88
0x17076e27c23eb7afb9f5b555aae97fe06fc84e68,88
0xff2bbb591d9ee23259e3e95d931ee59a61b2212f,88
0x38fb71db5975ae9adc1842bdc032a7b1ed10fc75,88
0xc64de5e0f97c21606e1f31426eb5c98ab729c08e,88
0x71bb861eee90ebc82e9ee26778309560fd361538,88
0xefd0199657b444856e3259ed8e3c39ee43cf51dc,88
0xafe609643934ea392b8c400db474d6419234d64c,88
0x8577b84527ced5d2d9f299dc6027a9e049c17d6c,88
0x285d23ea20ab8138e63889669b091704a1787278,88
0x9a550b9faca1480be496e09d62324b754da14c45,88
0x1af47c8e253ea38d13938e530801c1ff7a1c5a1f,88
0xbf5b9bd197e9dbf3f2ce58e5b1c35b1bf383b5cc,88
0xae3f684105ad37dc49d8ae316a32fe9eef583a81,88
0x339cec7dfec9c95bae4e445e4af87de8c89313cf,88
0x30caf91380d5911d417f5dada36f145897bc7f72,88
0x83bf595cc28722b5c4f9b34dedba90778a8fcb80,88
0x3e7dd7df9c1ffd12b8ecd94a27472bdc4d87ab7e,88
0x606420fc17e08ce7d85a5068cede5542c0e47128,88
0xe641a5a9f35fd6ae40a42932c6d2cc34f7db34b2,88
0xb2ec4683e634899a82f9b5d6abf1aa22fe219a83,88
0xe80d953d0b4f2931549473e803c95f559b6ea58e,88
0x311bf6e6b6d416a808adf524b2fba791bf257e19,88
0x6efd5dbb3e3c96c4c8bc7376aae263d1c0e7f532,88
0xac2ee30cbfbc1666be74160dd1af17d32a1db30b,88
0x0e94f1210151fbf7003924efa56f4a73f8f8f507,88
0xa574c53d63550e535c8b78f0e2a33bbe3c56ef2b,88
0xbc77738aa2ede049edac45a8a9a443c5415e6b7a,88
0x0fccef1c29deddb1e2a007ee9c1edf63149aa6b3,88
0x22980545483189fa00cc8fbdbe4fd31598f217bf,88
0x90acd0fd2aa57ceb17bea4b9a7c95071d94c5ef0,88
0xbbd6d2181d9ebcd98421cd336ace3db6984f4cdb,88
0xe5c3f63f8621b75fb6c4148180e265a75f5d2995,88
0xbb22eb7e30b29f5e15f7eea19b3523e80b730509,88
0x586b3f34e90668aee4ffbd94e7ba143552fa70e5,88
0x60fc976145dd135c6bbc7df9406a60e8c2123850,88
0x3c5ed6bb48acad7ad3cfc92ca86259d06c918dd0,88
0xe4b205c76b78cf72012d6040c33429dba9bbd19b,88
0x858ea8798f5cdb83b08e238a40374bb0e1a54978,88
0xd80c8da4b37cc49a5ef4521fccb56052378b1c78,88
0x1f427a6fcdb95a7393c58552093e10a932890fa8,88
0xc3aae58ab81663872dd36d73613eb295b167f546,86
0xdacb1734b3259d98c8fdc755993209f9c4682cd2,86
0x879c2ee5adc372d0542d65d80ebfe647ac1a5f10,86
0x01c57220b9210c272ddcab9ad6794654c3b3d804,86
0x9c14b155d57962c26e66bd7fd9794cae483c6555,86
0x1712808a5d99e8fa244079d50e2a3c46afcafb35,86
0x56c935cac3d870b385724cae5eb8eea1505c777f,86
0xd7bda9d89e4a518f376442393086b9798b3ac743,86
0xb73175a10dbebd97ba55fa6b869b1492492f75ea,86
0xdcfa077f4fdd8295b2efafb5110bfa56e204a832,86
0xdd20489fdfae08b53865a22b552fa2b90f409450,86
0xef764bac8a438e7e498c2e5fccf0f174c3e3f8db,86
0x3660581fd4bce34ae6d9d29f619e9561564f20ea,86
0x852d0f03389681cb713795648bc157e878562786,86
0xc255f2dfca4629d3f5a29df69ee3d3189cc0114e,86
0xdb15485f9d4397a1687cb3f4b372acb9794a923d,86
0x7ef5774cb1cb4a6829a85738d4c6956e2edc5be4,86
0x6f45f069c49cfa308520482816700b21115be7a0,86
0xf0ab8776883df3bbda2c8f27b2dce8b3609d88a4,86
0x32dc0acd55a608df181b305765d15df4ac704000,86
0x7e915cf29c5568e41493a4cd58e8519c1266e5da,86
0xd894c048c27469ee7a573327382be9f4ce54414d,86
0xd5c91f3ef6610dd5b1428bf9a67e3c03323c65f8,86
0x4e5ad6abfb732ea26920b8cb89da8fb33961dc44,86
0x80559932fa7cf2707b40f4541fcd93eec4ab4266,86
0x1147359f0bee7e5e43e473a6d8fa11e79af0faa3,86
0xbeefdbfb1747399fed162c3b588d43a094353bd5,86
0x879aff2c8d6e2f42f05441c4ae999e7815770bbd,86
0xd8982cf39b93ca723ebbca49efd04d4777a9686b,86
0x16ea1f673e01419ba9af51365b88138ac492489a,86
0xf44b95991cadd73ed769454a03b3820997f00873,86
0x6f5c5b10993a67fb1a65875a2e9db38906fc62cc,86
0x91519989101d5d5f1a5a364a76194b15a9098a4d,86
0x301951f9bd3e21e404dd2a99a225aa38e0947ba1,86
0xc485cf598a2f0cd43adbbccf4eee85a182746e4e,86
0x4308415cc35a883a593fd182c8a6f26250d46005,86
0x26d8f0909a9bb3a1758024c90e8fd87f5d24d65f,86
0x033e9b12438f95cdbe9170f313367f4c614c5fd4,86
0xa4b5173309ac878db01dcea2b230cdcbc2cf6312,86
0xb43c9bd6b8fd1816daec30075000c5f0f1a7c9c5,86
0x64a8070811567783cf820225a11e5bba213322e9,86
0xeb97d37bb6cd268ddb25e67cfbb9b3f7468db46c,86
0x641c0b2a037f81ce0414a830f479ac841e67d8b6,86
0x0385f650cc068367fcdc2f9f739766f82405fd09,86
0x8985aebdb1adf244f1f3f8ad9ff89b8a045b5319,86
0x7284a8451d9a0e7dc62b3a71c0593ea2ec5c5638,86
0x61117012f9fb63cf0e7c688c76bfc874db3c6874,86
0x1f88540813419e3ba82c6d0e62231c89d6414c46,86
0x6c8a3edf2bae56fe85ee46ee108adf99b49e9288,86
0x7a6ab4fe07d4b65a3a3b4a28cbde57ebaed9cd81,86
0xcf23abf7047685fb020ea16ee4feea3a195edcff,86
0x7409956e1d10a00ea425722565790e2c77c40ad2,86
0xa05e5c069625bca6079ad251c31030c95110c2f0,86
0xa036fcb0c60022b2f8976e387f319c14369d0754,86
0x61f9f97700d391d875fa14e020bd6f1e862ca10b,86
0x40d83d66673ec330c3cdb45b6ac9eb884d262a71,86
0xfc349f1426711757e26910285ee3e4c2f673250a,86
0xcd0b262216e710717b8bbb2f28a070e562dced38,86
0x9c6d67c5fd1f78c3daee702b9a59183c0f4a9d17,86
0x2193fd6b2ab1c8d3a57afbc142d9c6a4c138c30c,86
0x6cbbd5d5e3f71280a568823adee4b18cc1be5e32,86
0xe7186c0c4e6b249a269bd7fa3c3e1da54250c18b,86
0x3b38df411221126688b7ca4cd3b5c08144e558e5,86
0x8e2b4f283e3828b41343c4b24549b5a5b36b6632,86
0x0a719a1c3d997ee54ee317dd02617ed7edb53e00,86
0xedfbdcacb9646e3c017321bfbc8c1bf82a8fc12f,86
0xe1c8917a4f45d50c6a66cd82a3f37f1a7d798746,86
0xcdebcf59ee33978320ca2ebcd433ace6144c63c4,86
0x18de0bbaa2ec3dca4451b5a05d4a66cd245bbd91,86
0x38227d153f7520e78ae9c9119974be6eececaa05,86
0xc608abab7762e4b14b5693d8aeb4e848551a0c9b,86
0xaa95db6b03738794b6478ccd08626ca5335f4517,86
0x87363ff605598806db84d53e0857f6b43e504d1c,86
0x1a7b1085d20ca63e9f461969e21c021f92a7874d,86
0x09a0da7289a60809992d819530833f4053124090,86
0xc6e8accdfb5a93e170fcd71e7b662201e536bc68,86
0x5e60c0a931d1901895a3ddf87f99640d4bf50403,86
0xc4d645532e0f009748c7951ee8e9119914cac25b,86
0xaef23ca0ebdfa98c036e724df028572bf89251e9,86
0xa50ecb238bfa1b1c9050c58cf3e99c99260c4ed1,85
0x42de4c61e4a02d5248befe39725e993d46021186,85
0xd38849fa99901d9c949e2508b104350131fb11bb,85
0xa03143e4cb76e40a19885c5c6cf2964417acc394,85
0xd8a62ad8a7efa8a3267932d2e478c026566fbe34,85
0x2f47eb00b241eccce85f369a024742186920e111,85
0x27b69c405d6c58f5dd83ef7e117355a4942014bd,85
0xf4698ee4f8969ea513c3d15ab3b7e4814767c9ed,85
0x92be89852867b06d8f77e110d95e7e5dad2f5359,85
0x10df6a0cb091880a7285953b6e0415c696d53bee,85
0x1a6db538813dbfa63e1f19f8804447187b7d401d,85
0xd593193c672f5a8f999c0f3c8f2f46521fe84691,85
0x22fd8facff29b66738ab35e4eec70bb6207389e8,85
0xe7e3f293ff5be247e336f5cdb493c9ace1011a35,85
0x565dcdcfe95b344d4fce2c649bc292625e5c20f9,85
0xa057722e85988e6f58f5d02b7fdb1f630729e6c3,85
0x21f79012dd2db02712e42b8146bf15f4f950e976,85
0xd998171b51dede5bb420228f8ca6e349daf0fd62,85
0xc64737eae97ae7cfd95b40ff690f50d01b92ed6d,85
0xe51c377490b46fb13863765570da529a7a1470e1,85
0x2e357353d15ed4118d2f8f4cf71f5d287f334f93,85
0xf3ae4bb5691b9d45461cdcdd4becb0c9986a3237,85
0x3a6d6e5e4b8c3e9bac29ed12c4243377e64f9b4a,85
0xc2591ca855f201ffe773a3d9223031940ed04af3,85
0xc18926cb21791bfbc2c8b5b80fdfe68a6757d819,85
0xe366d4ee1affbe1510cdd4190c02dd0ea7eb2419,85
0xc28e23e7d7d6cc0c9c6f08146c71e7d168cae45a,85
0x49153cbd5b0c516d1320bc42b48c73548b73b678,85
0xf1bce30fc2f7d67300d813ae91a63cee24238fad,85
0x8e5f314bef229024e317a2cbff843b56f87fb7d0,85
0x7d07167d55edda306f7efb9a43a15a9b899698a7,85
0x520cf366149d9226f3fdfd876916ff8509418f80,85
0x8877bcb2223682048badd5b09b7ee5a8fa2f3424,85
0x7f5dcb103fec40f9ed4509753706f2f8a709ec3f,85
0xc8754296711f90fa9b1ee557bdd6c1727a034e4f,85
0x369919a3dab8d5623d333aaa2a5bbe96115d402a,85
0xc2dc96ce8fa3eb81477925a20f238911e5f5ff71,85
0x45fbeba74005f56d3419538f2770a09b0629ecfc,85
0x3c019229b2dc7fac4b725040c86d12aac48e31d3,85
0x2d19f32620f647d08fa8b9a0fa5206fae15c0ed5,85
0xd5c1e107e2e7cca9ed66a1b3fa0bed5c80f9ae0d,85
0x6f858d52ff946d3a4c91fe5a7cdc408212d17a1b,85
0x16ad3f1c89ae9042f61e2437fb81736f5d3a60c4,85
0x4527c75dfc50a5390dc663f81b627c39e7b9acad,85
0x72c9dbfb16ec69ca96284de891fa81fe92c63e36,85
0x1ef0d50b1bdfed62a06ac67080443e71f7efa4a1,85
0x6f4cb27afbd5229a4bea46f2ab2c5c2e3aeb7ae6,85
0xe99b1148e185d2b8e4e901f60c0230696d3fde2a,85
0x34456a0a60af4afd40b20430e19bae1f3338504f,85
0x9418f78a010e66af9ac9a0fc569a7cc52a2d2ee3,85
0x6aaa4bb5a36186ce99a2b8f871a7d52a34022408,85
0x906c943594aa923b38e7feb914acb99ab44abe75,85
0x9079a0a7e0ebee7650c8c9da2b6946e5a5b07c19,85
0x81f7ef7586c7da8fdb0bb94032f3ad06ae21f644,85
0x6a24327eba27b4640fdd65c2610457584fa1be14,85
0x03cf046a623dcadb6e13d1ddb94741976ae525ed,85
0x6ce6afadd15996a6c3f3469105cb17e70b2d14f4,85
0x98d29f6b55b59cef1d6c4c9f9b065302989d23d1,85
0xb6cf25f5cf8a1e1727d988facdd47f1dfc492caf,85
0x64ae361c1c55f61a02d2c67a4c78457d5169ac56,85
0xac79d6385ee06048665d619e63840d1168afa7e6,85
0x08439047b3c1b1c6fc9a6c62a1daa191a19e79dd,85
0xf5c7231632aa9b344093d82deb864fa1c00b8bde,85
0x00778a211057c47a9f8885750bbf48226771bcdc,85
0x6954644f7dae221ddb66eb59793ce5b6c0e2eec4,85
0x010afb8548a5d1a3a3d62f58ca0a5a1329974206,85
0xb4756d65812236c4c82c768e7dcc58adb6cac975,85
0xfddc634939d034bda830fb7929e115747ebd9574,85
0x81a1ff0c31abe73cabbd0a581a160e2352f6784c,85
0x5a92bc71ff2cee03202db6b625cb074d588344bb,85
0xba333f8ff556bf35d38e102a98daf1c5f6d9d708,85
0xb9f7b3b5492f270f2ba1ff1b6661ed27e03d4132,85
0x856b762d46274ef1d696103e5fb2af2afee91ecb,85
0x66215d23b8a247c80c2d1b7bef4befc2ab384bce,85
0xfa03edb20a822e838ff0a517b6b87c64b8a7c04f,85
0x60ad81273c776aea562faeaa601ffc1680ae929d,85
0x822cdf10f5e8276da05cd25bc66b9b7aa7a0fdb0,84
0x53cb1ddfefdd43a6a0f6f69ceac8f531b12bb780,84
0x25b78ade6b3ac3ac3556cdd737992ebb9cfa12da,84
0x8ef87cd7ed249de87f255cd99672b337cd24b4e4,84
0xe4f60f6fe872d5b910e72a11d09cdcf3780d20db,84
0xd76d50c82fd63445c88a6922a3b248f8c80ea75f,84
0x737284cfc66fd5989f2ac866989d70ae134227cb,84
0x5d294292439fb1ee1d03be683dc283c4dfbb7180,84
0xb16ee2a981cce4c4c075b2bd9406d5074da02727,84
0x5f16e88a1075b6ce24b90ad8315f75772704a40b,84
0xf308ee61c13681214139fd28f87b1722ecac0f5b,84
0x5e01d9928ea32d1d3ae2f3263b6ec6c165dc2d76,84
0x797f63620e62dbc83a5bc88c6a43494ded428cbe,84
0xd7053db54a65f4c0e8707608b11ee1230951e387,84
0x6316ff9d2c96b6b122e0dd632ab5831e0bf5bd10,84
0xfed42cf9afb5ac6ae4d5d2554d28e4116b8c1db4,84
0x7186ce946a1bc87680ff0ed8e5d684ad27b3734d,84
0x5d6f8cda086a0837cdaf10e941f3d1d5e3e5531a,84
0x298afe764ceade43ba80ac4390195e8d9451d6ef,84
0x8e7a2da15b5f9b3a443a8551635ba6618fc62e2d,84
0xb210fa87b8b25c26648a4226ed0fdfaf5cfea736,84
0xf16d75faa453755891196fdc08819bc5527d5806,84
0xb5d70109847cbc4aef541f4ad19c741f8b3dbe1e,84
0x17e5a662b373673475c51b6db9d79bd291dce573,84
0xa0c903f8795172a7915e68f5c06df10846d938d0,84
0x70056d4450ddc31a61146fe91283aa3f645ec1e1,84
0x57db5d6aa783cf29af41330569d24957140fd3eb,84
0xcc896ace93c88746ec7dd09e1fc54ffe27fe66cd,84
0x1955c2b76b1cf245795950e75eb176080879da50,84
0x798342e1a0f01c5084f28c122f5e391fcd47e4b8,84
0xc740d60f7185a7f315d480e84efad02e76153d2d,84
0xb8eb4347b64999bd31498d3834833b383d59f4fe,84
0x009b6817807c332b9445f5c9cf2ac94631fe876e,84
0x57c41131600af2d0ea74d7a7ffab385063b89267,84
0x6eede1c561f85f99aa5036bff1a950b615bc185d,84
0x750d0162291a09397fcd46c75355a531c83ba26e,84
0xa4fcd20d161f62dabadf89e30e418ea0b3d2efcf,84
0x85dc5fc2e2d5054a459890ce992106f58ecfa93c,84
0x8ec1675d89c4ff8579e461d593700292b9967b46,84
0xe98604413c217ea6f0f338506d9903815cd231ad,84
0x4dac2ca98638c1af27eb349d99153dfcae3a4a53,84
0x4adfc40e1da6d62d93ff2d650be536c969af550e,84
0x0029ab135b5be72168bf80f140d60a9264dbd0c5,84
0x5557d2ce565941641ee9ec7fbc4c2da31526a7ba,84
0x1658a95d08bc44111a93f7afcab8444b7e8dc0c7,84
0xbc5eea869e6a7a30aa41b3b83111aedf23846e33,84
0xbfc54c36fbd010d53975ef38e90462c1a7afdb60,84
0x3083c46eb15cc0c087a03f60269edf1de8186f38,84
0xaf4d7e7b9deba33b7ae57d08bd8eae8ab55d8254,84
0xd1c2df69261ce294f0f26423cac49dd2a5bd5cf1,84
0xdab02b8a30f1766f05ab309b5ff19f9641e2da6e,84
0x6cfce9d4c30ba3210a3018a4e9a928715d836207,84
0x1c7c13756d70a3150caaddf10861eb11634d2731,84
0x204d363bed977942e9ee1dbb24ad940b16cc02db,84
0x6353ae85b67ea257f44642ce81dda8714094fdc0,84
0x2b356149ad5dc8970f8666706d32c171a13f15de,84
0x8c35b33aec81f4aa0c048b79542ec19b3e905690,84
0x57aeda024fdbc8e1ce19cb9a628ca39747e3661f,84
0x0b3c69cd19831da372f682ca593668ce73afa537,84
0xb141936c797fb48714c37f9168d8dedd47975191,84
0x838b07f4304795cb5f9aa85dacf194765b3e469a,84
0x4d42307abb9b2fc8b822d564bc05c505946de1c3,84
0xa7b95d2a2d10028cc4450e453151181cbcac74fc,84
0x1303b9d1d5fdfb7d822c7e285de118280a4a17e3,84
0xe8bf424e047372d249d0826c5567655ba3b72f18,84
0xae3c67b8aa12e458f2b4eafc0e9209710582c9d3,84
0x06a437b2afcd7b6261bc26399b30f0102eae3af0,84
0x005839abcf30fc149dbac154d62cf00ce5a18351,84
0x7fbe66206e5eb811173af1317bfa2a7838f4c270,84
0xfdfbb7bb1a8c9170729e4da73c73bda3e85469a7,84
0x5a9c80f8af323177a03037674157d4120cc1f28b,84
0x9ebcb75c803b4f905ca178346acc35d39d6048b0,82
0xfd698adc7fee26c3c6e862de27035333f16d2e23,82
0x4b7ca5b6216f22559250ca677692b8c93a8683f2,82
0x5cb7290485dacee87e884dd751c4a3950fe41457,82
0x23d9ca8328b8630c08f72501bf3950462f3f5456,82
0x3e03e274eb8c770d95b849230cb8087e192ee311,82
0x43860346fcc6e32d26329ca4cb20ffae54c803d1,82
0x5c474f896b48c42ecc08a55b449913899c6c5f4a,82
0xe586c8ccb29944f458104c7acbe4ca48122da895,82
0x301db5e7a068874b2e2603eb8839371b4dc9bdcc,82
0x03e294fe1d45a28139972c4e38bc813eb827e62d,82
0xc4126a64c546677146ffb3f3d5a6f6d5a2f94df1,82
0x75086316ae15b560186878cab2aef4db6b924285,82
0xf8619187723d284a9bdb65384191b473a6c31412,82
0xa11b4c17f11c3517679477d218a2bc2fdcc6dd2c,82
0x45a9681f82a2ff9e9da45d8bef745416c51494d4,82
0x7a937b0b8d5491fc5d626870c2e4f8e7f46acb62,82
0x26b46c62a7ef0a545b8ce0f6f972da9394661bc9,82
0xd1aad7186a15f0619dde55d74bdde39df404ce9e,82
0x8ec5c5528db3f1c6d8e3c4256e87de04ca7fffdb,82
0x4e4c6caebfcf69a3cd6c6e8aaf4d0e9233c7c875,82
0x8662f71896d5770e2991a2e6fc1836c5c5ba3a67,82
0x4b2acb5a7fcfee322ce3cd8344ea466954fde7db,82
0xb579d4f1546d51980499aa96a2e411be3e449197,82
0xb19371e6452aacb217a28397b271686f1809cf59,82
0x7dac5dcc33e665640546d2db1d3fe88b27e0082f,82
0xec3281124d4c2fca8a88e3076c1e7749cfecb7f2,82
0x7d491f5fccb63261d2a6cbec67e5e8967ed8ac7c,82
0xcc79da4558487033f9ad7db928377fa747e93309,82
0x1b976af94caa1d9b2fe5ed038ef9818dd6d48870,82
0xc7c37b0c7af5af560bf31b0bcbfec04b97361275,82
0xcbfd6ea8537b5a558aa058b603aa1256047f2ad5,82
0xcb9b091ded976546a20a409823dd6f5f092ffd86,82
0xcb7a8524cea0f54b4588d00757006aef0e6b2333,82
0xcb6a47315735b399670bafe9f90fac29813ae3f5,82
0x724487f080c9d5a808cfb4ef04402c9a4089563e,82
0x083fc10ce7e97cafbae0fe332a9c4384c5f54e45,82
0x4359bcfdd57c84481cd30233a752c1dc0fd32f11,82
0x6060ea8c8475d22450a09824bf53795ad08a61c5,82
0xeb79ec79e69b82cf24bbb46ca3dfad86355b2738,82
0x071a79b04021baf1b6f32a5c233c7d01dbde0e0f,82
0x7c81f6ef28412392b7f0771e903490131ab74da2,82
0xe9fa0a8ded2afff8f867dfe820e52bc79cac0c79,82
0x43e1f62f0b538ab3d01c33cf16898dc941f03066,82
0x72c47b66738c20eec96c7184e881c035f29b3da6,82
0xb3fde2f7ce3d6d388d84fd023b717dd6b6a285fb,82
0x84e94f8032b3f9fec34ee05f192ad57003337988,82
0x8dd41a3face30317512d2b13da238ac850978ac9,82
0xea37d99731ece99b9b0f0d87a4f83e7ec14380fc,82
0x20d2619478c250fb8645fbe24d26e7e67defd07e,82
0x47cd602ad02d7d7da808d1af05025e20ec2c7916,82
0x410c8568c94f707008bb7a5afd36421b0cf6c307,82
0x7bb389db8484fc975778993befe2cc44b6e05f4a,82
0x6378584a7b7916b303fa9398f465f92647033be7,82
0x5ce2f81da74ec5a3e20f27a94da4dbea5e5d8a6a,82
0x635b34e961eef204dc919da74880f4643209c013,82
0x1960d38799b4ca8677c27f9f4587380913a3ce54,82
0xb609547d9a2d0fea521bb46893996c0739f3b6e9,82
0x63171073ceffe448a9324687d48d016ec3d8b4c6,82
0x8d5f05270da470e015b67ab5042bdbe2d2fefb48,82
0x19f45ea63b9d9b864ae2eee603e7b106df875754,82
0x71a8d301014c1e4fb3fc4b281a5eb5b6042fdff4,82
0x4a356df984fd39a55ac7b7dd8ab66f4da66fe5fe,82
0x8233b9df7afc7057dd3f670b81f394ff21bbbd08,82
0xe82941e727d84f99329b94381e67a94524963d05,82
0x9d14f0096d3a7b5090b0e08860834684d48b021d,82
0x59eb9490e65680eee103736e489b35ef57a3125d,82
0xcd47c8194c0ea6b938327cb82b4f5b9aa0941c61,82
0x0974483eb297472e469bf61ca7d936e859e90f74,82
0x214efb44ae592fb436cf65a21c45ff7d638dc98e,82
0x488d2ec84dff06f078ceff672d01541c71890cd6,82
0x84cee9fd767980ff0ab1bfb91f6d938613eb2c0d,82
0x628b42cf8f4b2457b5c8f87607a8ff11570fd4e5,82
0xb32a3c94556cf525e8ca749515762fd04d9525a3,82
0x6169f1dc3375a38f9181651fecb26549a4498807,82
0xe2dcc6b25c17238c63a0faaa992fe949dc5d9e9e,82
0x9b43f18a251f85d168ccbc25724818070795cfa6,82
0x3a42a8819ba3b31ef391ae4b8eb77cf8273fe764,82
0x32a4edb6edf93286fdfd6ea485d02d6a7baf4c1b,82
0x6bb1be45c80e14b6ef600df5b018df12a7b245c4,82
0x77eb9812a8d380f63478211e011ee289d19931bd,82
0x7686c25eb06ecfcd5f30246e1ad118d57dc7f4fc,82
0xbd0310dcb5678a02a6268526cce1c907e674ba8e,82
0xf7c751457363e84f5fda68e527b318468f334cec,82
0x77f66250f55c0955d60904d902b69b6771f78fef,82
0x6f09ef3d1ece52e9c26e1ee2b004a93c7107ab0c,82
0x6dd0c6a8c1360dc74f1badfee8a980c35bb1a340,82
0x51ba007818d8af72883d799233789a0d8d6dab69,82
0x8526b4b58dbe41529237e623ab5867cfb50b7ccf,82
0x297e625054f2bb2413d955435b390542fd60cca8,82
0x7eed3201cb5667498b1c47215b560a45bbd0e0e8,82
0x2f8b03299f4494ea663435d34293cf7fe9d88d61,82
0x50b49fec823a3d86050c91272bce7c8c0df4d71f,82
0xf1394140fe0982e40fa9a9846e7c5b0842cece56,82
0xbb6d1a9ca8e7f56a385c0808e68627d93193dcdc,82
0x0061cc250c17c9a9f6335acaf1bb94b3fcf9e6ad,82
0xd9a25a008d5e5973a7e439002327a62d56adaab5,82
0x6fce8581682444974f493b4f188b089403c9c4ab,82
0x33cb4d0f57849b5ff7c91f8ac3e2a2d4fbb55645,82
0xdd31ff903bd520af3d3d232089e3c7528cb3f196,82
0x2cdaedb560b5b1ade8804f891c0e0e083209758e,82
0x125f01528c157d362c3f42f2d817aec504c7e065,82
0x9d9d28c9a6dcd39dcac9bad14acd70427d4d29f0,82
0x6f3deba69e2083020da61c38387636231bcb012d,82
0x0db5faedf553fe294e1ebccfba24317f672b234d,82
0x357bad6590cd50599e5c624947cacd917f6d96f9,82
0xdcc896d48b17ecc88a9011057294eb0905bcb240,82
0xf3f65a1862e8f4cf1b3f7b418ac45ef3084bd95c,82
0x683a42e5b414ae5cf79ece7e369ca5937fdcdc11,82
0xe2d1ac886718d1d272e509ae4721617e6e6a1b88,82
0x52a77dcf83cf38f62f6857bb01c5c3c8ae11f4af,82
0xdc42759e28e41898bde199ab044f366dacbf3436,82
0x10f546a6f4d20d91e5a8506124384759c9f4bc79,82
0xbc45715240433801c7a92cf18577d20968884cff,82
0x8c1b091ab7dc0c08117b8be040d57d78fac8237d,82
0xd2346dbe4fc52ecfdfeaccab5ef1efaa0851c21d,82
0x598f8721f0e554933e6384cfedc13df733711077,82
0x6bd6655a5c379dbf4ae32f345319794700f22b56,82
0x4ef02c30fd96c4da70473ee0ecde7f6a595448de,82
0x151a64570e4997739458455ba4ab5a535fd2e306,82
0x5040baebb06a7699867574db0945f9c629b8b2be,82
0x1558598e2e613b8bc1a904afd240b18a91a03495,82
0xa7f2ff6c6b16fc1cb2499d60ee16f2ca39f970df,82
0xa145713ef23088e42ddb26591d0ce7562a96e055,82
0xfe211da6dcf2dc14218ab7ed59e5565ddccd72c9,82
0xa1754f7c9f7faccc4e83c9c2a768b9dabeb4d50a,82
0xaa4523a4de7d7458a966696b2e26b192a8aa275c,82
0xffdc0c7dff4bdabc76e69f1ffd0c11d54b21369b,82
0x14f632059025ba0e2d710ec22cf0f1ca80df8576,82
0xb0ca35bb14a17c41a87e81e91d299245ae0f9b5c,82
0x2ac4aed3a8295b967583a131f6214297f1ea531e,80
0x793acdce9db7bc3269513652923d543b4818e817,80
0xbf7faf866f2a4a003216fa224fe75bd2737d86ff,80
0xca125321e0a8a60d882f1b38fb7077aaa8eaf53b,80
0xc243e3aba71b76c1ea70e24c0295566119fd9131,80
0xebe8e5d92957c947bdcf9970fdb9898632fdca80,80
0x35fe24e9a15ff454de3bf05b1deaa830ec019eda,80
0x3b69a28e73eebdcc708448d211a2cc39f30c2e78,80
0x178662db0ea4aa03f3fef01b869627529ae2fa32,80
0xf2b31e5768871b3ad8435edb2c54b8683a3d1a5e,80
0x95b9f2f528338b0cdb3f14442837b0e7f05dceec,80
0x4a05b10f49cabfec5c8d41b804fc6a7303efe02d,80
0xe8ee42b6f1673c5546905d177d57864720a74792,80
0x650a4c05028d0cd1694f1ddd4c8b8c0b2a92e410,80
0x90592c25273675b8f49e479e299e5cc268061639,80
0xcd823142b266f3da24d16f761b4a4f27b7a13596,80
0xf0754756e71aac7ad2b6497e7006f5e44d68d592,80
0x49a1eb39534f378722036d41d3ab5c92e86b55cf,80
0xd7cd6143f331ab7688c0e4ab41f663c3c0358b27,80
0x6ea1eadb60d3c33113862035cf99fdc3854ca85e,80
0x3550aabed267d01c8a50f3649e3ef40374325b49,80
0xd7c54a8aac751b5aec70515456d85fd81577e9f8,80
0xd1b7a30b02e4ed79025204be3c919d8f28457ab0,80
0x535574b576dc7057efda800056a257801e33632c,80
0x34353e48f8007b0dbf496e734062e30d9354d529,80
0x5ce259aedcd14038ad2c35ecaa7b6b2974d339ac,80
0x0056d1fd2ca3c0f3a7b6ed6cdd1f1f104b4bf9a9,80
0xed9921bccf920dcc84ff1007e1098ccfe983c8b6,80
0x471e90fb91ec699067009f2581313944600c2e46,80
0xa78ee63eec17dafc88c482cb5aaed1d714b85494,80
0x0ac56b5c0d8d798e10bce16a43f5959d10416fad,80
0x849f17c54d6dda08162ef328131048d95b9b2c71,80
0xd34b49026e2822cfb8b10618d54c312a07139bc6,80
0x44690cc3c6a8098406f2837e9e1780f32f0b3486,80
0x17d0cc96e6538b52f16c3ed03a2d3e6dd91bc50e,80
0xef73776fe0820387cb210c185d440e60648d53f8,80
0x572bb358259dd732b5adff560e34a398680a75bb,80
0x503f825c247723dae622cb784fb120934caebc34,80
0xc4ffed5198aba912b1f9b6890779702c78062c44,80
0xa925f2b125657f237493623466766723efbb102a,80
0x4b0e8e0d672620361ffbabf48558c612d81bd83a,80
0x0e7644049d4db2aeaaea2938aa634179cad5954d,80
0xbcef8391a2de02913af369bde6d196b3c26f4770,80
0x84c23a698e9ff0a533fb3897d6832f8ac529740c,80
0x1daa25c573fb6a03284b0de08910e260a408601b,80
0x8576ca154ee0a593dbab81b9684634a572799f98,80
0xeba6449d1a6336166e34b4ce84dd59406ab8647f,80
0x9724749c7f1275a33cc9ad96e37c82c3135bff85,79
0x7905e1303ff125ca4625daf4bf17ac0d26bf53d2,79
0x9a7f8374f79b01a49393b4d0f1280b64807757b1,79
0x30f7a45a4a4e899383cf2b5b41865fd52112858a,79
0x9a055dccade190792236bd2af9318f0313aa6b4c,79
0x8483c36132bd401873c4ecb6d0a886971a0feda1,79
0x69b76c9bb721bac277759cdfadf876632bacd8a5,79
0x85e27d0255c975129b767eca9c8163f31b0cf296,79
0x975794e77cef9a03b6df8802d91240c51729231a,79
0xea431dc0b54a79d1c22f63db97f5dff638390d98,79
0x00b8fe7c85998bbab5e71d2378e927b554b6d78f,79
0x076dc71fe4adebbdeddc1eae9492d63e19395017,79
0x0007808d13026d3245351759abc4f90a7bdd50de,79
0x4101767bfa3210d7e771950996f02edd92843b60,79
0xa00c99f5f955552742f1089ded88abdc74e67bac,79
0xa2237168b61aabecfa5652ab2095df95efa388e5,79
0x729170d38dd5449604f35f349fdfcc9ad08257cd,79
0xe9b548addefc3d4045b3bc109c70b2561f2729f6,79
0x2075fd8f519895e488fd3b3dab1d41381a1d9ab1,79
0xac11719dd03db03a4ee0825fe7888b09db42c736,79
0x73317d56c0b905c78ffc4485b65323cce1dcf050,79
0x788e59e21dd7c41f0293b837c35e5b90460baa5b,79
0x0693dbf1800f64b7343c40c3d7e64223319e6d57,79
0x1e6c07d8cd673618d7bc2299a1eea842dcaeebe2,79
0xac6839669f1511c3a60020e42f2566d2eff0aed1,79
0x77f7d6481922854f84070b3f50636cd767dbccea,79
0x8ba4d6af19c3d81aa007ca9476f726896dab14d0,79
0x8da5731881cb2cc502cf9e7e8e1a93a71907776f,79
0x6ab615cf8decfc488186e54066fc10589c9293a3,79
0x1f35415acc8cc68108face8b5d607293bad6315e,79
0xac3cd223a4d862270373613bedc940f083618c37,79
0xb3b1cf4a37a5ad7a3cea9d5b652ab106c9576b8a,79
0x83671580fd3ea9a970747df985e36f048fc3cdb9,79
0x99d3cacc95d087a35e559a2242402695a1f93e12,79
0xa3d4db0795afc80d36790d470b81bdb0f7116c2c,79
0xb2d77604d28ecbd4484065cc1e8b16b77ef5c5cc,79
0x00f57b489bcc01e8526a645ac5880f40638a1e9a,79
0x385d84a0e3d88e91e8e1a3a5aadcd759670c468a,79
0xd3bb48f4f01876783ce5f67392c1fe05e1fa0918,79
0x381a17eb78501498fa183c81648b4165826e1af7,79
0xe565f48cee90c775d1a0c0fa6dbacfe22c406801,79
0xa4fc82338d3753065d3a81652d5d73600855b2bf,79
0xe5998869c7ec6b901bc99eb4ea7c38fa5020f4e6,79
0xd4411b38e2eeecd6a5c238403e7c1655090777f4,79
0x02318208d78abf27ffec35d4788e9a12de440d24,79
0xe113e572d42c2db80667e0932a595e3ff7f91fd3,79
0x6686e91a4259d1265d88fe168266e04d75db0633,79
0xd482a29319200288cef83a2c201b38ebe4e85bc2,79
0x0222ba0731fa7f3c3652180a6fecef7075b632ad,79
0x7669be62b519160e94ed7d90ea7d728e956c875a,79
0xcf5fafe700fce74cdbb336e07689758969d07dee,79
0x6c8e74c87db683c2f3334f2b5b8df6107031769a,79
0x24a8c6a987c8249bf507dd7638bd832b11a5b65c,79
0x0276dece5594a6db72e044c85488519a18f9e462,79
0x3cc93c0e48a4a3b021ac8aa253bd5cc5aff51f27,79
0x7a596c2d3e0f390a212a8ed47308cf621b5e949c,79
0xb0dc796dd37e369121a092e8fd88f09a10a82cd0,79
0x26f8dec326d157f5cc2fcbf977953a44cb6eb106,79
0xd19fe63217a41964875069b0e7f6131e5affe2ee,79
0x652528a4b62c26557554e8347bb2fda8de87e42c,79
0x27dbb5563086ffcb325cd6037677944fae7e21e3,79
0x26913116f5173837ae66ed17337e5faec12474d0,79
0x28552ea8b232fc63d6ce69692d8a723efc5d4502,79
0x25442048dafcba10c380649e6d371f8be2b877a8,79
0x3b8c618bfdded6544b27ef67cb71043b30655514,79
0x9b4fe6e006023ba449d6db9bc33c2732428a1f28,79
0xfdce7a3d5ab544935c4e1e081f2b498c035ee434,79
0xd30ffc6163d2c0b0887aaa1d6a821b3e50bf4def,79
0x03ba43fd372b79e95621dc0a6486c37e610cbfab,79
0x63dca371cd34dd6bbb56adc350fcd534b75b43ac,79
0x9af3a0575a0702516386973cf2dc4ed7a6b6cb42,79
0x04666380427129ecde2b36bb0e5888ea0db9f79b,79
0x638097b8e878942b2c762301951cca619c92c095,79
0x4098c501fcfe3370bd78d2f9c0798dccbcf993ea,79
0xac4bf061b45f3e4983595d3adaac5cffd59ba3a7,79
0xd6449ac214275493a8205e58107b1ee19353840e,79
0xcd967d373a32e7edbbade887d5abd9bdf61de504,79
0x99a70bbde9d02d1855a0148b95962ba037f133ac,79
0x7741536ee155f1d25ef782dfbfb5222fc6f2eae4,79
0xcd7318f3c1cfccb46b5b28314d4d5ccb13da9273,79
0x351a7dffbe4b4eba06a0b583c970c4f83e89835c,79
0x68995e1d2830c8d3c5c5434eecdf286589dbedd9,79
0xd6ceb05021ab37457bf9837da9f4c98828628fc7,79
0x2142efcb2870affc21b4f2ebbe3976f446ce2b90,79
0x990428e696684dd85e3ac268d8bef63ee5d864dc,79
0x349cb211c87d8a71b4c82b8ad778c679c783d221,79
0x2c35ddb530a24b71112c9d8acea592b7f68d9265,79
0x629e3b8b7d86abe84e561abb1190d36812696275,79
0xdf7db5a323f7f9f520b699f24df6f66e55dd38e6,79
0x3fdfeed11ffa600e3ed61f522c5fe89c1b0620b0,79
0x2a62253e49e0f0224a6da25fc2a15beecad8d065,79
0x2b10e1970ba95c27c6fe3d496dd5d624a1e68d56,79
0x04b15ceb1106153abcd7e00a77f28d5bdf3c174d,79
0x6361c73de2e382899c040923a1af481ea927cf20,79
0x67746cfc850b0632c441c9e6466d5e4d669ab401,79
0x04e7f6c24ad0fc29224d4396e73b7d424503140b,79
0x22d9aaa23d00cfc72083ab5146225845960ead4f,79
0xce5df252fe61e31937cc258ff53a3071e4fbad02,79
0x76e004cde65cb496387e9d7ff0b7150812d877a2,79
0x363116a1d6696fdc3d277775ee74297f4a79be20,79
0x95ecc98de34d340bddba2fb6bab21b5c0c6b070e,79
0xb1dc0916b43681b86ef90961042a3399d076b967,79
0xce00aeae34e4477c2b29d01c62ae6e8acd538add,79
0x2b32c3ecaf47ed3ad459565c472182f56414c9b2,79
0x22613c2a7c378868e3beb6657d0853c397c0c744,79
0x2b383cd753f25a2ebf314f84f44120bfe92f65cd,79
0xc96f1c09466c1b0fd150820f872b5e792b0a149a,79
0xbbe3ac5059d5512f6f2f55938bdb90cbc6ba40cf,79
0xc440f3c87dc4b6843cabc413916220d4f4fed117,79
0x083593f78d876d68fd42bbd8c9f316882e415718,79
0x9e4467c1839514ba0e2240ef81a89e40984f6f50,79
0x8119c1642d1b4b41081c380d001e0243e8dce876,79
0xc474f7a7befcdb1d325d9897172962f8c02c78a8,79
0xf69e427017325ad714feab1fe3b8e8694ec018e6,79
0xf1b62279dd4ff8d0af244bab1efc59b1d7f778a8,79
0x7d463bb199eb9b7f7108566cc11d47224e54c481,79
0x0e1e3d1869116c657081c69b1610d731e5488006,79
0x1bcfe4f499db23909a5ddc33d6e2d879531176ec,79
0x51b9d5d8b4c1b86f4dae48336bb89c7843b93dd0,79
0x80e7f0ac7cd653065a17c53ef3064332b4c20d4c,79
0x926ae30cd32d5856529c13378a9ecc404904993d,79
0x1bef44f33fca76aa7ae9c6a94555cc9b9fef39f7,79
0xc7f617bfbe2bdd0d113e77a5959e2b5bb5619846,79
0xa6db96e77ba9876eab90e0a2f98d32865fd5b780,79
0xf41fbe7c0b6943bdc0ce48ec1a506c0e17c36dac,79
0xbfebe09d854272c3aeeb1e4411c2b02a83d0339e,79
0x531146f30be47bb171cb2039c25a4ae5d4fe164e,79
0x8fc32f2ab3de2a24544d6c3b7a9d6c6ef6e6561c,79
0xfa48030f5b42241ff3c3fe284766ab8b77dba08c,79
0xa694d3e930a17b9c32de31ac266f1637e8ddc6d2,79
0xbd48939cccd34f006b049b26bba34a68e918ec5d,79
0x9d60f73fd206f3c35dc07a8f20e30bd2fcf4c8f8,79
0xf8e4b34c2fb7ffe48c2374da8a7f0fdc3dbaecbd,79
0x9f0a988edc96dac834c158ebfe667da932bd87c6,79
0xf334ca06fc59d6bb0ec937e87e6ed59ff7ee8017,79
0x49fc009dffefa57260cf302ef32f5a2b82ab94de,79
0x892b627053d23e7d65ea818b2d5018f526b90ae6,79
0x1238b65555ebc62a386e54f7a4bfb84fe7d82a14,79
0x1a58a12d0331c5631e31a291df5d5817def29f77,79
0xed2b02a3b74b82f728c2fe382d99ec0dd5a5cb40,79
0x9d204c1988afeec88aca81c6af6d74833189e392,79
0xed3f231cee05f16db1cd97b7aac4f285f3ca5b7f,79
0x49ecb8ca5cca9a65c8450201935c609f62490303,79
0xbeda3510c457b9dd50f0e61c2595fb875575651d,79
0x1929a0454cdd4d925e8fc9b6c366ecd7844866f2,79
0x18ae0d58f978054e55181be633d4a6e1239aa456,79
0x4ab8e4b66e40d4701ceba17db1b2cba07993c7b3,79
0x0a5def83dc12ff5178b66a558465938b7424ee11,79
0xbeaca5032834a805bd822c3c109fa8f3513f5eaa,79
0x924e7f2e64827b1b2d83fd6b165534427753bd1d,79
0xec75e6ae612401d4188266eb731697339b9b0f36,79
0xf38c5cff3ef7040b5835d32f58e03f849beb4486,79
0x54207b53c1d2c47b4e08722e8a0009994d57040a,79
0x9e10b3860779dc928822d786eee110947eef7643,79
0x88f598e1f05eff820bfb78be660a92aef481d488,79
0x4d0907d21de3bb9889cc4eb46dd3d8ed69350847,79
0x1c00c1410d83ebe9825fc498399a671b6d1dcc7f,79
0x9a586521db706d1b626737d03c3f59fc1ced8df1,79
0x4d5c8e9f3cedd850f5bd017fef11a8f78c955c07,79
0xc1115a27c6abc21a72c25141374810091cf7c39f,79
0x500a799f086456767518b429bb14c1f585924e34,79
0x16a9f22a182bffc81a19a100da0e762b017933f8,79
0x14478ecfe5e29ea623d324039d04f2da22d14a5d,79
0x1674aca0220c10afc4b70cbb2721b3613974bd9f,79
0x4de57bff44c444ce98b649f2260699e2e5c5e718,79
0xf4b324796fc9baa362643e56853eaec81ec86249,79
0x4e421e523db0a79f8d55dc3dad8304f56a7d0213,79
0x15e82c8dcf3979c530b5d05550664b01af261a04,79
0xbb9250c4d860d15da0015f6cfe041aba4ccdf453,79
0x988136bc3201ce5f8c9b8c1501c0664f96dd0a3c,79
0xbba03ac718c1e7951c3e21bb7b8160fa0c130651,79
0x15da10cf7189f93b5062ac531ae71818be873bf6,79
0x5a6866c510e60c625543112e42304d4911256006,79
0xf549f28473fc82d1697dd671d0b0fd29c8f227b3,79
0x56fe14a30aad9595b5fc05fa7922403cb6c2951a,79
0x876b71aa426fad5127910d3cc792e818b8229cf1,79
0x0ed66e54a3f5822cb2083778eebdceaeaff8d6a0,79
0x8dbe431939b9c323d42e6ab160870a01f1d09549,79
0x70989eb1c07f5e3b42181da97732bf4065154ca8,79
0x4ef2ab73ef2214ebeba6f087a8dcf89731504301,79
0x1067eca4d06c0975ff56a7ccf3cce59d18f589b2,79
0x5964c8b9cdda94ca0a73bc148bb33043e10624c4,79
0x49f946f18ff378ce1f594b8ba7bb9222dad2c40c,79
0x1cd6d86687adccaac08c12134aa569a780368b28,79
0x9da8e0f410c2efbadf1e7c4e1815d3757a5c4aff,79
0xc87968a7f12cbddb2a7f0a6df27b619cc5032859,79
0x57859e63666a2a3ab7bacfbd82bee3de76064c25,79
0x172ea000fe0e1bbbde64b95cb11dc469a880ea45,79
0x70e393bfdef315c3037b809e5c35a214d838310b,79
0x59432b754d7db823c591abd41ab34115d3cb2266,79
0xc08b8d37fcea0a2a3cf3b7120995577b309ec33d,79
0x8e2cc56a39916a22fae1b67429d6b018e624d9b0,79
0xc1040696df61bcb377ab27f71644447d08aa01f5,79
0xf48e239bacc7cfd731570796a3aa4f324139c888,79
0xb7795377cd00ab0464a3f7b0850d6c920d2938ae,79
0xf48ea2e715a3fd6af43dfc3800a3da9ae785d3da,79
0x82f458f713ac9a366aa9c7e858f69454fde779e5,78
0x29bc5fb2b177dd3432661ee5c67e7d7008350fcf,78
0x0bff4468bd9f6046b98bbbe8479c6b939397a6e2,78
0xaf9e08f3020e624c945cc446e8759602049cb176,78
0x9bb36404df5455eeb80205e5730631c6a1d64c9d,78
0x6b790599ea89be7f68268eea87bbba9cab5cfb68,78
0xf78b62f3cc6e3551cb87cbdcc62fec959061e05c,78
0xc5d16847874f3c47c5dfec353d01105896459d0f,78
0xa8f0b0b9ea90cbbed60b615c1fd892099156ebcb,78
0x66baa8528eb116fd928cc12a7f428fce202e2b09,78
0x15bbb1f27e385e57afdbeece615bd96a0882652e,78
0x2702a5a45017f69ab850553d372a1ad85a4bd01d,78
0x761e5073ce61f548c9f0cf23255f623692bc77d7,78
0xbfb7a43169b206e34d582f86c34e80347d170e2e,78
0xaa6b17591b75cf687afce0434e66790048f54312,78
0x6fd5b7668e0850f2f6c734c9a59c3fabb06a039c,78
0x9030b78a312147dba34359d1a8819336fd054230,78
0xa87259f8e14364953d91f8541a7ba0b32e5e7008,78
0xe00d58e8a4850f231c8482681657501d0e49703b,78
0x03d4695df4b8d321d31c94de8f430e3450f50498,78
0x0a6afb591cef197bd25ccc8e70a90909ae46c749,78
0x85c4c2c6141b06b1d719c3e5cc5270dbe949bf27,78
0xc0d1da3600993b1abfa47ab499cde90be4597914,78
0xc60c784a4556126720b113e12fe950163427499c,78
0x203456535880c3dc70a69dde3e3afe028a52702a,78
0x308c4a67eb1480e739cfc18d0fd8805c55dd8402,78
0x60d7cd6e9c9e423210189695dff592a42e24cf02,78
0x8a81126532a690e21debb35832cdda8b9c29fa26,78
0x574ccf14154cc872e39ca074beba10d1c8add1ac,78
0x971ff25edbc09706b157a5c239a76e329e8e486e,78
0xa218a8346454c982912cf6d14c714663c2d510d8,78
0x4647d498d89c41822940f3029108eaffd275d126,78
0x0085cc4d9ce979174819da928d0b07979c9a9846,78
0xbcacccab521ad58d4a5652cfa555ae47c24d70c0,78
0x2d0e374fb4d13cf0000b3ee85b0923b484ada7c4,78
0x6a84c6bff095d29d9618ea0b3fa6bacb37e640e6,78
0xca41b76938745eaa15f8a68fee3719f8cf255ca1,78
0x11966fd9273654925e0e37a481ffdf7f74567659,78
0x972723ab7c0121f8182b5f19a0015959fa776794,78
0x1d795c4f44ade46eff5a12bb70b1c75c4f1a214a,78
0xe895f40ecf7f32f3c57127c242f961ea93d0470e,78
0x93d30a4051df1363a11050dd5259494a609ed97e,78
0x53c404d148a5c7c164e259f07a87429ad79c00e6,78
0xb3d77ebc988eb7265f8b145accb27bcf2722ee0a,78
0xda81f406543d3a8ad6ed5a64037628af237a8256,78
0x6cc5764190a75f60faafad1b3fdcb6bf44ec9c58,78
0x91970127fd698b2716c36633ab396a797910a24c,78
0x1c14b84d365a821a5386ba82b69231736743fad9,78
0x06d57af6792edf066046aaf958d92ae5558e0e56,78
0x44e59f7c598644a68975ef41fed052362c4c8ed3,78
0x432af553927e974bff4b5bfea0a9b86a9a88b530,78
0x4952f5dde00a0677365e42d33bcc5a8abd4e2b43,78
0xecbc2901efd668a049ec86e847c3a70552d128a7,78
0x3198fc1db09b49cf4e71f6d84f36f582470804aa,78
0x32000b565101e495d6e4b531d8251e0a0b3c7341,76
0x2e6707236c5311030b66215367695c8616a553d5,76
0x6655459bab7a5e99f2d61279316f6d0a465be784,76
0x8545d4515e27c092bd25d30eb1deb4fdf100af92,76
0x023746e8dcdc250ebba98aaa82ce81e27597cbbe,76
0x5553b1432226781820de70b4752b2d6a3813e65d,76
0xd85c0a6b582aca62316a3c0231baf35529464837,76
0x7a222200f9be6d645c9650b34f3cecb9cfbb897b,76
0xf16a7a69657d83587c434372acd103c311b89e85,76
0xf11d95bd4c18e4a792cd3ffb581e2c30890724a3,76
0x87b020f58f402231e9d80340dd22c1c84ba0e1fa,76
0xbcb4c8386c097589e7825aaeb9e7c6295835f1d6,76
0xafbb1a0dbe7f992c13bc1ae22b7c32ff3e7a485e,76
0x8b2a91f8ec35b375a2647881c143de39293f635b,76
0xfe24bc3778f5ee7b7605ca1d1198507a002bf858,76
0xfe558ec0904247c622164c92b839939a3a7afeea,76
0xbbfc910c99577c3940c3fbeda64530c9939d749e,76
0xda0285ff49800536a53cbef7a7188da10a656efe,76
0xa143d719a4236204e09f69c3c25e221242abe570,76
0x964ad9e178184fc3865976dc7d3cad8eb1b373e3,76
0x8376b14104dbf0642a3c2adfa33793cfcb0b8d76,76
0x000be263b3ceb55d22ed9b40d7619f62c4862c80,76
0xa9333685543e62176a091a86574e0ca3acd30d7d,76
0xa23074a6582885fd185f196791fa56f94bfb14dd,76
0x658eed504b3000870e98c200d4626a33867e513d,76
0xe2805dbecba90353dfbc5032d642165bd71bb3ba,76
0x3977504a7240f400d608f5b1c7f7299556b284c9,76
0x380e92c897b0856cc4ffdd0accc21ba01c9327e9,76
0xab98b4a0470c530ec1a63d5369c0787f76cf6b1f,76
0x39415255619783a2e71fcf7d8f708a951d92e1b6,76
0x39071d38425599702f562c09dcb0b93d3a8f375d,76
0x105ce42677935e83e6ecc60b6bf7205d0714afe3,76
0xd85426ba0492aee38814bb5d6b9ec1c042712c46,76
0x355a1d00dc3d242b5475d2186f4cf5abfae6b0d4,76
0xf17871042913d86d93d3ad7c5c5ccc5bd60cb5ac,76
0xdd5de11ffecdfa2e337d67a7645d997ca921d9d1,76
0xa9ed59f14903aa3409fd6765d053f186ac4d01ef,76
0x82fc2dc6e96ac79693bd8e99b4f8c35e78a5d3a3,76
0xbb1d287db93ea323a0328d1b58f893ac919b74a2,76
0x52b555d3c162ea2c1664bcf56ff02981bc5f4480,76
0x76e6c4a0cce7146d45f3f441895798cd8c6ad032,76
0xe00d4fa460dc0712b194803c9700190579bf0078,76
0x8f3e94943d8184f1ada8afb9c04719f02385dc86,76
0x540467e4d66cea16598240ba82215f459c9b988a,76
0x8c4adc1589b96d56b7a351e6e500163ae208d53b,76
0xadeeb9d09b8bcee10943198fb6f6a4229bab3675,76
0x830c5d312d507ddb066192d34dd6441737e127c8,76
0x8cac97395db07b31c3bb1e93e9d384ac8197c180,76
0x12dcaca02fee29a81efc7a820061073b5a9bdeff,76
0x831a0249a4016ab6381abe60a1de17532298e0b4,76
0xad670fa9afe106b1d6fcafbbe71f40736340ff02,76
0xbf48602047dc9f72ab437e9c893ce15cfb33089d,76
0xdf164e23284e615ae14db1d7a8b5375ffd0ff65e,76
0xbaf1f7f2c4a3bd63265f8f4b6050ba0170dac634,76
0x8c606e6722bada4ee78147bb47acfff79f10eb50,76
0x34114636baed889e7bb3e200cd33b60d05cc2bb2,76
0xf76cb72ecfa276d8d64a24f54a94554e2da8f712,76
0x123efd4bedd550d62f768ebd13407d9e172bc763,76
0xe03ffe4cce71b39ae1a8580aa94aa40ba611c820,76
0xd7f8c2bafd71125fcedb3f723c43ebf2db53ca5e,76
0x69d661dc31fb132c39ffe2751a757d06fd7264ec,76
0x878196a6e73837609454d05c01a995afa4b447f0,76
0x5164d58157efff6b3f8582aff2b7c0a4a1d05c2e,76
0xdc19464589c1cfdd10aedcc1d09336622b282652,76
0xe18999d3f7e1a84e35bf9c15699b79e46eb44704,76
0xb819706e897eacf235cdb5048962bd65873202c4,76
0x8c2eedf60863b5fc897a31cad310e8601e1da6b5,76
0xe14f0f83db016e7c23efc78c3110ccd3ef3cf20e,76
0x54ef989864ec53e7e8ac1bb25cbf616328f1469a,76
0x6f25e6df2e18370e5fc5fe5ad929ab98614a3ed1,76
0x37963907072ca1db9fa5b207f323a69f0f454fa7,76
0x76328440d2e9ccc4a27244b09b2b3b21ca51f896,76
0x9e46ffd82439c6c6017541bd4ae9986b64eab5a2,76
0x33512591c26caa57040747a4524a5937876a7f76,76
0x778a9fe6c408211a41cdb7f17a32e1e42f5641f5,76
0xf218466013f3957d307c72154dbe466da2aaec17,76
0x7f39e0b5d75cc67c0d8f6dde0d1c8fb58e24ea43,76
0x9b5cf6637d71a82758bcaaa2ae5b6efd349c2a19,76
0xdcc68bb7db687394593e0a87f47a065753819a96,76
0xd576b5994865c94a0a6449687c2a08e47fd77bb4,76
0x5467a1035e68d62bf733e906ad0dfe67c880c0f6,76
0x92f63630adce6948ae3fed5701d46cd5c62c7305,76
0xa1bd817e13ed6bb524ed491cff76c83afec773ac,76
0x0c0d04ea8bd13d48ebdfef821dc937a1b5a39da0,76
0x609c68944b7fa12ad379377db56cfc93e5fa5c4e,76
0xee8e1d7f62dea883189aaf60fb78d2c584839036,76
0x3d5ee97ef7305246cd55a8793da67d9183222670,76
0x08f4585ca519d9b5bc053a81c6a6e56a837da3db,76
0x08e5f4670b8e70fe77d952ba0fbbf9f4762aaf73,76
0xc7459af92f70474a1ed79ee39a83ef6a53cd6cfc,76
0x1b31fecec10efb0951d7e5947f2174a4440c86d8,76
0xccbf50b3fbe25539335d5053b47625fa3d5f2744,76
0x479f4e9c7a8b4437643e868fb27df90abf0a6116,76
0x1b5dbb494c47bf7ba4ca62d13e2574df7d42e10e,76
0xebebc6b04e844ab5498f29b1083b11d06249ae83,76
0x41b96e9c6758d12a7a1f67952466b2e104532604,76
0xd0a72108da72b62b11d52d34468b7be6ae20482f,76
0x7d3079e12899ed4c943920ebe4c3c5ec900c7c9d,76
0xf8a027e44d0c3166676017f9f722e1f00edc5171,76
0x478afeb45241020389f3194cb2e9a6ff5e317733,76
0x06a2f0aed97dd623f4a0790fecb41151f1e87a43,76
0x1c025cb2b8bd4c98f55e5cae3c542acf44485501,76
0xe52b596cf340bd83d5171f666e97860abf871eec,76
0xed66994d71be8071b63561c5ce860747db5a2242,76
